ChunkID, Package Name, Class Type, Hard or Soft Chunk, File Size, Other Chunks
0,/DinoPing/delivery,/Script/Engine.Texture2D,Soft: Possibly Unassigned Asset,895,None
0,/DinoPing/DinoPing_BP,/Script/Engine.Blueprint,Soft: Possibly Unassigned Asset,22744,None
0,/DinoPing/DinoPing_BP,/Script/Engine.BlueprintGeneratedClass,Soft: Possibly Unassigned Asset,22744,None
0,/DinoPing/DinoPing_Buff,/Script/Engine.Blueprint,Soft: Possibly Unassigned Asset,36059,None
0,/DinoPing/DinoPing_Buff,/Script/Engine.BlueprintGeneratedClass,Soft: Possibly Unassigned Asset,36059,None
0,/DinoPing/DinoPing_Dinostruct,/Script/Engine.UserDefinedStruct,Soft: Possibly Unassigned Asset,1437,None
0,/DinoPing/DinoPing_EngramEntry,/Script/Engine.Blueprint,Soft: Possibly Unassigned Asset,1755,None
0,/DinoPing/DinoPing_EngramEntry,/Script/Engine.BlueprintGeneratedClass,Soft: Possibly Unassigned Asset,1755,None
0,/DinoPing/DinoPing_LockOnBeep_Cue,/Script/Engine.SoundCue,Soft: Possibly Unassigned Asset,1540,None
0,/DinoPing/DinoPing_Widget,/Script/UMGEditor.WidgetBlueprint,Soft: Possibly Unassigned Asset,118538,None
0,/DinoPing/DinoPing_Widget,/Script/UMG.WidgetBlueprintGeneratedClass,Soft: Possibly Unassigned Asset,118538,None
0,/DinoPing/DinoPingGroup,/Script/Engine.Blueprint,Soft: Possibly Unassigned Asset,2248,None
0,/DinoPing/DinoPingGroup,/Script/Engine.BlueprintGeneratedClass,Soft: Possibly Unassigned Asset,2248,None
0,/DinoPing/DinoPingSingleDino_Widget,/Script/UMGEditor.WidgetBlueprint,Soft: Possibly Unassigned Asset,22061,None
0,/DinoPing/DinoPingSingleDino_Widget,/Script/UMG.WidgetBlueprintGeneratedClass,Soft: Possibly Unassigned Asset,22061,None
0,/DinoPing/DinoPingStruct,/Script/Engine.UserDefinedStruct,Soft: Possibly Unassigned Asset,1306,None
0,/DinoPing/DinoPingWhichDino_Widget1,/Script/UMGEditor.WidgetBlueprint,Soft: Possibly Unassigned Asset,21765,None
0,/DinoPing/DinoPingWhichDino_Widget1,/Script/UMG.WidgetBlueprintGeneratedClass,Soft: Possibly Unassigned Asset,21765,None
0,/DinoPing/distance,/Script/Engine.Texture2D,Soft: Possibly Unassigned Asset,895,None
0,/DinoPing/level-up,/Script/Engine.Texture2D,Soft: Possibly Unassigned Asset,895,None
0,/DinoPing/ModDataAsset_BlankMod,/Script/ShooterGame.ModDataAsset,Soft: Possibly Unassigned Asset,766,None
0,/DinoPing/NS_DinoPingBeam,/Script/Niagara.NiagaraSystem,Soft: Possibly Unassigned Asset,49232,None
0,/DinoPing/NS_DinoPingDirectionalEffect,/Script/Niagara.NiagaraSystem,Soft: Possibly Unassigned Asset,1841,None
0,/DinoPing/PrimalGameData_DinoPing,/Script/Engine.Blueprint,Soft: Possibly Unassigned Asset,2081,None
0,/DinoPing/PrimalGameData_DinoPing,/Script/Engine.BlueprintGeneratedClass,Soft: Possibly Unassigned Asset,2081,None
0,/DinoPing/sort-by-alphabet,/Script/Engine.Texture2D,Soft: Possibly Unassigned Asset,919,None
0,/DinoPing/TestMapArea_BlankMod,/Script/Engine.World,Soft: Possibly Unassigned Asset,232010,None
0,/DinoPing/TestMapArea_BlankMod,/Script/Engine.BlueprintGeneratedClass,Soft: Possibly Unassigned Asset,232010,None
0,/DinoPing/WhichDinoButton_widget,/Script/UMGEditor.WidgetBlueprint,Soft: Possibly Unassigned Asset,12915,None
0,/DinoPing/WhichDinoButton_widget,/Script/UMG.WidgetBlueprintGeneratedClass,Soft: Possibly Unassigned Asset,12915,None
